Notes:,5' Boundary,3' Boundary,5' Bond,3' Bond,Avg Z,Median Z,High Z,Number of PKs,Label,Label Location,Admin,Length,Nearby Labels,Sequence
5' UTR,1,147,13,127,-2.668358209,-2.66,-2.83,6,,,,146,,ATTAAAGGTTTATACCTTCCCAGGTAACAAACCAACCAACTTTCGATCTCTTGTAGATCTGTTCTCTAAACGAACTTTAAAATCTGTGTGGCTGTCACTCGGCTGCATGCTTAGTGCACTCACGCAGTATAATTAATAACTAATTA
,922,1048,942,1028,-2.663636364,-2.62,-2.74,2,,,,126,,GGACTTTATTGACACTAAGAGGGGTGTATACTGCTGCCGTGAACATGAGCATGAAATTGCTTGGTACACGGAACGTTCTGAAAAGAGCTATGAATTGCAGACACCTTTTGAAATTAAATTGGCAAA
,1617,1752,1637,1732,-2.869130435,-2.83,-3.04,3,,,,135,,TTGAAATACTCCAAAAAGAGAAAGTCAACATCAATATTGTTGGTGACTTTAAACTTAATGAAGAGATCGCCATTATTTTGGCATCTTTTTCTGCTTCCACAAGTGCTTTTGTGGAAACTGTGAAAGGTTTGGATT
,1954,2050,1974,2030,-2.519090909,-2.51,-2.61,0,,,,96,,GAAGGCCGCTATAACAATACTAGATGGAATTTCACAGTATTCACTGAGACTCATTGATGCTATGATGTTCACATCTGATTTGGCTACTAACAATCT
,2208,2289,2228,2269,-2.56,-2.56,-2.56,0,,,(1) There is a nearby predicted ScanFold structure with the structure beginning at 2294,81,,TTGTTAAATTTATCTCAACCTGTGCTTGTGAAATTGTCGGTGGACAAATTGTCACCTGTGCAAAGGAAATTAAGGAGAGTG
,2294,2400,2314,2380,-2.735384615,-2.71,-2.95,0,,,,106,,ACATTCTTTAAGCTTGTAAATAAATTTTTGGCTTTGTGTGCTGACTCTATCATTATTGGTGGAGCTAAACTTAAAGCCTTGAATTTAGGTGAAACATTTGTCACGC
,2690,2779,2710,2759,-2.729444444,-2.68,-2.85,0,,,(1) There is a nearby predicted ScanFold structure with the structure beginning at 2818,89,,ACAAACAATACCTTCACACTCAAAGGCGGTGCACCAACAAAGGTTACTTTTGGTGATGACACTGTGATAGAAGTGCAAGGTTACAAGAG
,2818,2914,2838,2894,-3.288,-3.22,-3.76,4,,,,96,,AGTACTTAATGAGAAGTGCTCTGCCTATACAGTTGAACTCGGTACAGAAGTAAATGAGTTCGCCTGTGTTGTGGCAGATGCTGTCATAAAAACTTT
,2986,3288,3006,3268,-2.78,-2.81,-3.29,10,,,,124,,ATTTGATGAGTCTGGTGAGTTTAAATTGGCTTCACATATGTATTGTTCTTTCTACCCTCCAGATGAGGATGAAGAAGAAGGTGATTGTGAAGAAGAAGAGTTTGAGCCATCAACTCAATATGAG
,3396,3616,3416,3596,-2.891195652,-2.92,-3.03,0,,,,220,,ACATTGTGGAAGAAGCTAAAAAGGTAAAACCAACAGTGGTTGTTAATGCAGCCAATGTTTACCTTAAACATGGAGGAGGTGTTGCAGGAGCCTTAAATAAGGCTACTAACAATGCCATGCAAGTTGAATCTGATGATTACATAGCTACTAATGGACCACTTAAAGTGGGTGGTAGTTGTGTTTTAAGCGGACACAATCTTGCTAAACACTGTCTTCATGT
,3799,3952,3819,3932,-2.713333333,-2.72,-2.82,0,,,,153,,TGATAAAAATCTCTATGACAAACTTGTTTCAAGCTTTTTGGAAATGAAGAGTGAAAAGCAAGTTGAACAAAAGATCGCTGAGATTCCTAAAGAGGAAGTTAAGCCATTTATAACTGAAAGTAAACCTTCAGTTGAACAGAGAAAACAAGATGA
,4149,4252,4169,4232,-2.961052632,-3.03,-3.19,0,,,,103,,TTTTAACTGCTGTGGTTATACCTACTAAAAAGGCTGGTGGCACTACTGAAATGCTAGCGAAAGCTTTGAGAAAAGTGCCAACAGACAATTATATAACCACTTA
,4830,5171,4850,5151,-3.191059603,-3.06,-4.08,11,,,,150,,AACTAGGTATAGAATTTCTTAAGAGAGGTGATAAAAGTGTATATTACACTAGTAATCCTACCACATTCCACCTAGATGGTGAAGTTATCACCTTTGACAATCTTAAGACACTTCTTTCTTTGAGAGAAGTGAGGACTATTAAGGTGTTTA
,5320,5636,5340,5616,-3.199849624,-3.38,-3.76,11,,,,316,,AATAGAGTTGAAGTTTAATCCACCTGCTCTACAAGATGCTTATTACAGAGCAAGGGCTGGTGAAGCTGCTAACTTTTGTGCACTTATCTTAGCCTACTGTAATAAGACAGTAGGTGAGTTAGGTGATGTTAGAGAAACAATGAGTTACTTGTTTCAACATGCCAATTTAGATTCTTGCAAAAGAGTCTTGAACGTGGTGTGTAAAACTTGTGGACAACAGCAGACAACCCTTAAGGGTGTAGAAGCTGTTATGTACATGGGCACACTTTCTTATGAACAATTTAAGAAAGGTGTTCAGATACCTTGTACGTGTGGT
,5717,5866,5737,5846,-3.485538462,-3.53,-3.89,0,,,,75,,CATGGTACATTTACTTGTGCTAGTGAGTACACTGGTAATTACCAGTGTGGTCACTATAAACATATAACTTCTAAA
,6126,6230,6146,6210,-2.546666667,-2.53,-2.58,0,,,,104,,AGCTTAAAGTTACATTTTTCCCTGACTTAAATGGTGATGTGGTGGCTATTGATTATAAACACTACACACCCTCTTTTAAGAAAGGAGCTAAATTGTTACATAAA
,6621,6776,6641,6756,-3.068035714,-3.09,-3.21,3,,,,155,,TGAAAACCCTTGCTACTCATGGTTTAGCTGCTGTTAATAGTGTCCCTTGGGATACTATAGCTAATTATGCTAAGCCTTTTCTTAACAAAGTTGTTAGTACAACTACTAACATAGTTACACGGTGTTTAAACCGTGTTTGTACTAATTATATGCCT
,6826,6907,6846,6887,-2.798333333,-2.85,-2.85,0,,,,81,,TTCTAGAATTAAAGCATCTATGCCGACTACTATAGCAAAGAATACTGTTAAGAGTGTCGGTAAATTTTGTCTAGAGGCTTC
,7941,8046,7961,8026,-2.93,-2.89,-3.34,0,,,,105,,TTTACTACAGTCAGCTTATGTGTCAACCTATACTGTTACTAGATCAGGCATTAGTGTCTGATGTTGGTGATAGTGCGGAAGTTGCAGTTAAAATGTTTGATGCTT
,8351,8484,8371,8464,-2.895,-2.93,-2.96,0,,,,133,,GCGCGTCATATTAATGCGCAGGTAGCAAAAAGTCACAACATTGCTTTGATATGGAACGTTAAAGATTTCATGTCATTGTCTGAACAACTACGAAAACAAATACGTAGTGCTGCTAAAAAGAATAACTTACCTT
,8813,8926,8833,8906,-2.830454545,-2.825,-2.94,0,TERM 1,The known terminator lies totally within the sequence window predicted for the predicted structure. The known terminator lies totally within the base-pairing structure of the predicted structure. ,,113,,GCTTGCCCATTGATTGCTGCAGTCATAACAAGAGAAGTGGGTTTTGTCGTGCCTGGTTTGCCTGGCACGATATTACGCACAACTAATGGTGACTTTTTGCATTTCTTACCTAG
,9331,9415,9351,9395,-2.777222222,-2.78,-2.95,5,,,,84,,TGCTGTAAATTTACTTACTAATATGTTTACACCACTAATTCAACCTATTGGTGCTTTGGACATATCAGCATCTATAGTAGCTGG
,9780,9828,9800,9808,-2.79,-2.79,-2.79,0,,,,48,,TTAGTACTTTTGAAGAAGCTGCGCTGTGCACCTTTTTGTTAAATAAAG
,10530,10588,10550,10568,-3.58,-3.58,-3.58,0,,,,58,,TTTGTTACATGCACCATATGGAATTACCAACTGGAGTTCATGCTGGCACAGACTTAGA
,10902,10989,10922,10969,-2.54,-2.54,-2.54,0,,,,87,,GTAGTGCTTTATTAGAAGATGAATTTACACCTTTTGATGTTGTTAGACAATGCTCAGGTGTTACTTTCCAAAGTGCAGTGAAAAGAA
,11201,11354,11221,11334,-3.642894737,-4.03,-4.14,0,,,,153,,ACTGTAGCTTATTTTAATATGGTCTATATGCCTGCTAGTTGGGTGATGCGTATTATGACATGGTTGGATATGGTTGATACTAGTTTGTCTGGTTTTAAGCTAAAAGACTGTGTTATGTATGCATCAGCTGTAGTGTTACTAATCCTTATGACA
,11721,11857,11741,11837,-2.74,-2.74,-2.74,0,,,,136,,AGTTTAGATATATGAATTCACAGGGACTACTCCCACCCAAGAATAGCATAGATGCCTTCAAACTCAACATTAAATTGTTGGGTGTTGGTGGCAAACCTTGTATCAAAGTAGCCACTGTACAGTCTAAAATGTCAGA
,12398,12543,12418,12523,-3.012352941,-2.99,-3.12,0,,,,145,,CTCAACAACATTATCAACAATGCAAGAGATGGTTGTGTTCCCTTGAACATAATACCTCTTACAACAGCAGCCAAACTAATGGTTGTCATACCAGACTATAACACATATAAAAATACGTGTGATGGTACAACATTTACTTATGCAT
,12911,13036,12931,13016,-3.087142857,-3.16,-3.31,0,,,,125,,GTTACAGACACACCTAAAGGTCCTAAAGTGAAGTATTTATACTTTATTAAAGGATTAAACAACCTAAATAGAGGTATGGTACTTGGTAGTTTAGCTGCCACAGTACGTCTACAAGCTGGTAATGC
~150 bp after end of OFR1a,13615,13718,13635,13698,-2.590952381,-2.56,-2.65,0,,,(1) There is a nearby predicted ScanFold structure with the structure beginning at 13731,103,,AAGGACGAAGATGACAATTTAATTGATTCTTACTTTGTAGTTAAGAGACACACTTTCTCTAACTACCAACATGAAGAAACAATTTATAATTTACTTAAGGATT
,13731,13873,13751,13853,-2.74,-2.6,-2.9,0,,,,142,,TAAACATGACTTCTTTAAGTTTAGAATAGACGGTGACATGGTACCACATATATCACGTCAACGTCTTACTAAATACACAATGGCAGACCTCGTCTATGCTTTAAGGCATTTTGATGAAGGTAATTGTGACACATTAAAAGAA
,14537,14661,14557,14641,-2.759230769,-2.69,-2.87,0,,,,124,,TTAGTTTTAAGGAATTACTTGTGTATGCTGCTGACCCTGCTATGCACGCTGCTTCTGGTAATCTATTACTAGATAAACGCACTACGTGCTTTTCAGTAGCTGCACTTACTAACAATGTTGCTTT
,14774,14889,14794,14869,-2.628888889,-2.59,-2.81,2,,,,115,,ATGGTAATGCTGCTATCAGCGATTATGACTACTATCGTTATAATCTACCAACAATGTGTGATATCAGACAACTACTATTTGTAGTTGAAGTTGTTGATAAGTACTTTGATTGTTA
,16043,16188,16063,16168,-2.92,-2.92,-2.92,1,TERM 2,The known terminator lies totally within the sequence window predicted for the predicted structure. The known terminator lies totally within the base-pairing structure of the predicted structure. ,,145,,CACTTACTAAACATCCTAATCAGGAGTATGCTGATGTCTTTCATTTGTACTTACAATACATAAGAAAGCTACATGATGAGTTAACAGGACACATGTTAGACATGTATTCTGTTATGCTTACTAATGATAACACTTCAAGGTATTG
,17121,17234,17141,17214,-3.333541667,-3.42,-4.08,0,,,,113,,AGCTCTCTACTACCCTTCTGCTCGCATAGTGTATACAGCTTGCTCTCATGCCGCTGTTGATGCACTATGTGAGAAGGCATTAAAATATTTGCCTATAGATAAATGTAGTAGAA
,17541,17670,17561,17650,-2.758965517,-2.72,-2.92,0,,,,129,,CATGTTCCTCGGAACTTGTCGGCGTTGTCCTGCTGAAATTGTTGACACTGTGAGTGCTTTGGTTTATGATAATAAGCTTAAAGCACATAAAGACAAATCAGCTCAATGCTTTAAAATGTTTTATAAGGG
,17829,17914,17849,17894,-2.73,-2.68,-3.01,1,,,,85,,AACTGTTGATTCATCACAGGGCTCAGAATATGACTATGTCATATTCACTCAAACCACTGAAACAGCTCACTCTTGTAATGTAAAC
,19164,19256,19184,19236,-2.52,-2.52,-2.52,4,,,,92,,CAAATTCACAGATGGTGTATGCCTATTTTGGAATTGCAATGTCGATAGATATCCTGCTAATTCCATTGTTTGTAGATTTGACACTAGAGTGC
,19405,19512,19425,19492,-3.8034375,-4.05,-4.2,0,TERM 3,The known terminator lies totally within the sequence window predicted for the predicted structure. The known terminator lies totally within the base-pairing structure of the predicted structure. ,,107,,GGAAAACAAGTAGTGTCAGATATAGATTATGTACCACTAAAGTCTGCTACGTGTATAACACGTTGCAATTTAGGTGGTGCTGTCTGTAGACATCATGCTAATGAGTA
,20261,20403,20281,20383,-3.164545455,-3.17,-3.64,0,,,,142,,TAGAATTAGCTATGGATGAATTCATTGAACGGTATAAATTAGAAGGCTATGCCTTCGAACATATCGTTTATGGAGATTTTAGTCATAGTCAGTTAGGTGGTTTACATCTACTGATTGGACTAGCTAAACGTTTTAAGGAATC
,20814,20928,20834,20908,-3.117037037,-2.93,-3.54,4,,,,114,,ATATTTAAACACATTAACATTAGCTGTACCCTATAATATGAGAGTTATACATTTTGGTGCTGGTTCTGATAAAGGAGTTGCACCAGGTACAGCTGTTTTAAGACAGTGGTTGCC
,21127,21240,21147,21220,-2.822413793,-2.84,-3.26,0,,,,113,,ATACAACAAAAGCTAGCTCTTGGAGGTTCCGTGGCTATAAAGATAACAGAACATTCTTGGAATGCTGATCTTTATAAGCTCATGGGACACTTCGCATGGTGGACAGCCTTTGT
,21365,21469,21385,21449,-2.926071429,-3.06,-3.21,0,,,,104,,CAATTCAGTTGTCTTCCTATTCTTTATTTGACATGAGTAAATTTCCCCTTAAATTAAGGGGTACTGCTGTTATGTCTTTAAAAGAAGGTCAAATCAATGATATG
~150 bp after end of ORF1ab,21706,21821,21726,21801,-2.694545455,-2.68,-2.76,2,,,,115,,ACATTCAACTCAGGACTTGTTCTTACCTTTCTTTTCCAATGTTACTTGGTTCCATGCTATACATGTCTCTGGGACCAATGGTACTAAGAGGTTTGATAACCCTGTCCTACCATTT
,22214,22341,22234,22321,-2.793947368,-2.81,-2.98,0,,,,127,,CAGGGTTTTTCGGCTTTAGAACCATTGGTAGATTTGCCAATAGGTATTAACATCACTAGGTTTCAAACTTTACTTGCTTTACATAGAAGTTATTTGACTCCTGGTGATTCTTCTTCAGGTTGGACAG
,22541,22843,22561,22823,-2.736617647,-2.71,-2.99,2,TERM 5,The known terminator lies totally within the sequence window predicted for the predicted structure. The known terminator lies totally within the base-pairing structure of the predicted structure. ,,92,,GTTAGATTTCCTAATATTACAAACTTGTGCCCTTTTGGTGAAGTTTTTAACGCCACCAGATTTGCATCTGTTTATGCTTGGAACAGGAAGAG
,22895,23005,22915,22985,-2.53,-2.53,-2.53,0,,,(1) There is a nearby predicted ScanFold structure with the structure beginning at 23027,110,,GTTGGTGGTAATTATAATTACCTGTATAGATTGTTTAGGAAGTCTAATCTCAAACCTTTTGAGAGAGATATTTCAACTGAAATCTATCAGGCCGGTAGCACACCTTGTAA
,23027,23176,23047,23156,-2.643617021,-2.67,-2.94,1,,,,149,,TACTTTCCTTTACAATCATATGGTTTCCAACCCACTAATGGTGTTGGTTACCAACCATACAGAGTAGTAGTACTTTCTTTTGAACTTCTACATGCACCAGCAACTGTTTGTGGACCTAAAAAGTCTACTAATTTGGTTAAAAACAAATG
,23702,23846,23722,23826,-2.967391304,-2.83,-3.65,0,,,,144,,ATACCCACAAATTTTACTATTAGTGTTACCACAGAAATTCTACCAGTGTCTATGACCAAGACATCAGTAGATTGTACAATGTACATTTGTGGTGATTCAACTGAATGCAGCAATCTTTTGTTGCAATATGGCAGTTTTTGTACA
,23980,24068,24000,24048,-2.8340625,-2.9,-3.36,11,,,,88,,ACCAGATCCATCAAAACCAAGCAAGAGGTCATTTATTGAAGATCTACTTTTCAACAAAGTGACACTTGCAGATGCTGGCTTCATCAAA
,24518,24621,24538,24601,-2.689411765,-2.64,-2.99,2,,,,103,,AAAGTTGAGGCTGAAGTGCAAATTGATAGGTTGATCACAGGCAGACTTCAAAGTTTGCAGACATATGTGACTCAACAATTAATTAGAGCTGCAGAAATCAGAG
,25197,25296,25217,25276,-2.9025,-2.85,-3.24,2,,,,99,,GGCCATGGTACATTTGGCTAGGTTTTATAGCTGGCTTGATTGCCATAGTAATGGTGACAATTATGCTTTGCTGTATGACCAGTTGCTGTAGTTGTCTCA
~100 bp after S gene,25451,25598,25471,25578,-3.165416667,-3.215,-3.66,0,,,,147,,TCAAGGATGCTACTCCTTCAGATTTTGTTCGCGCTACTGCAACGATACCGATACAAGCCTCACTCCCTTTCGGATGGCTTATTGTTGGCGTTGCACTTCTTGCTGTTTTTCAGAGCGCTTCCAAAATCATAACCCTCAAAAAGAGAT
~150 bp after ORF3a,25700,26325,25720,26305,-3.548080357,-3.58,-4.61,0,TERM 7,The known terminator lies totally within the sequence window predicted for the predicted structure. The known terminator lies totally within the base-pairing structure of the predicted structure. ,,91,,CCCCTTTTCTCTATCTTTATGCTTTAGTCTACTTCTTGCAGAGTATAAACTTTGTAAGAATAATAATGAGGCTTTGGCTTTGCTGGAAATG
"Coincides with the end of gene E, start of gene M",26478,26682,26498,26662,-3.031975309,-3.02,-3.28,7,TERM 8,The known terminator lies totally within the sequence window predicted for the predicted structure. The known terminator lies totally within the base-pairing structure of the predicted structure. ,,204,,CTAAATATTATATTAGTTTTTCTGTTTGGAACTTTAATTTTAGCCATGGCAGATTCCAACGGTACTATTACCGTTGAAGAGCTTAAAAAGCTCCTTGAACAATGGAACCTAGTAATAGGTTTCCTATTCCTTACATGGATTTGTCTTCTACAATTTGCCTATGCCAACAGGAATAGGTTTTTGTATATAATTAAGTTAATTTTC
Coincides with the end of ORF6,27390,27507,27410,27487,-2.616538462,-2.66,-2.67,0,,,,117,,GAACATGAAAATTATTCTTTTCTTGGCACTGATAACACTCGCTACTTGTGAGCTTTATCACTACCAAGAGTGTGTTAGAGGTACAACAGTACTTTTAAAAGAACCTTGCTCTTCTGG
Coincides with the end of ORF7b,27904,28079,27924,28059,-2.885138889,-2.96,-3.02,0,,,,175,,TTGTTTTCTTAGGAATCATCACAACTGTAGCTGCATTTCACCAAGAATGTAGTTTACAGTCATGTACTCAACATCAACCATATGTAGTTGATGACCCGTGTCCTATTCACTTCTATTCTAAATGGTATATTAGAGTAGGAGCTAGAAAATCAGCACCTTTAATTGAATTGTGCGT
,28849,28966,28869,28946,-2.9275,-2.9,-3.01,2,,,(1) There is a nearby predicted ScanFold structure with the structure beginning at 29006,117,,CAGTTCAAGAAATTCAACTCCAGGCAGCAGTAGGGGAACTTCTCCTGCTAGAATGGCTGGCAATGGCGGTGATGCTGCTCTTGCTTTGCTGCTGCTTGACAGATTGAACCAGCTTGA
,29006,29124,29026,29104,-3.660677966,-3.78,-4.19,0,,,,118,,ACTGTCACTAAGAAATCTGCTGCTGAGGCTTCTAAGAAGCCTCGGCAAAAACGTACTGCCACTAAAGCATACAATGTAACACAAGCTTTCGGCAGACGTGGTCCAGAACAAACCCAAG
,29402,29483,29422,29463,-2.863333333,-2.9,-3.08,0,,,,81,,GATGAAACTCAAGCCTTACCGCAGAGACAGAAGAAACAGCAAACTGTGACTCTTCTTCCTGCTGCAGATTTGGATGATTTC
